representation,repeat,subset,prediction_scope,r2,delta_mse,mae,rmse,spearman_rho,target_mse,null_mse,r2_defined,interpretation_scope,total_recoverability_r2,full_label_conditioned_r2,interpretation_flag,high_total_r2_threshold,near_zero_conditioned_r2_threshold
bge,1,D,outer_test,0.05640301393029323,0.017308587989906032,0.4299705389245104,0.5381123220442252,0.3189816226435429,0.28956487113582796,0.306873459125734,True,label_conditioned_recoverability,0.42355752230287314,0.34322073339869963,observable_blocks_reconstructed_interviewer_score_variation_beyond_binary_label_alignment,0.5,0.05
bge,1,P_within,outer_test,0.013970748216420192,0.004287251831747552,0.44599444283474443,0.5500783646845115,0.09999140805254082,0.30258620729398644,0.306873459125734,True,label_conditioned_recoverability,0.42355752230287314,0.34322073339869963,observable_blocks_reconstructed_interviewer_score_variation_beyond_binary_label_alignment,0.5,0.05
bge,1,P_within+Q+R+D,outer_test,0.34322073339869963,0.10532533370173028,0.3612532430169767,0.44894111576464424,0.5968364868574638,0.20154812542400372,0.306873459125734,True,label_conditioned_recoverability,0.42355752230287314,0.34322073339869963,observable_blocks_reconstructed_interviewer_score_variation_beyond_binary_label_alignment,0.5,0.05
bge,1,Q,outer_test,0.11595266468250287,0.035582795305965975,0.41389942397784013,0.5208557034532386,0.3775951348621412,0.271290663819768,0.306873459125734,True,label_conditioned_recoverability,0.42355752230287314,0.34322073339869963,observable_blocks_reconstructed_interviewer_score_variation_beyond_binary_label_alignment,0.5,0.05
bge,1,R,outer_test,0.32329711255014637,0.09921130325362515,0.3641848512611731,0.45569963339036035,0.5864926203553714,0.20766215587210884,0.306873459125734,True,label_conditioned_recoverability,0.42355752230287314,0.34322073339869963,observable_blocks_reconstructed_interviewer_score_variation_beyond_binary_label_alignment,0.5,0.05
bge,2,D,outer_test,0.002319492685514124,0.0005854635707815414,0.3912527446376486,0.5018214008777282,0.04895948263851192,0.25182471837888554,0.2524101819496671,True,label_conditioned_recoverability,0.28449901416452306,0.23897148005267888,observable_blocks_reconstructed_interviewer_score_variation_beyond_binary_label_alignment,0.5,0.05
bge,2,P_within,outer_test,0.06649719907407647,0.01678457011743087,0.38631770615505046,0.4854128261925474,0.12152157102711493,0.2356256118322362,0.2524101819496671,True,label_conditioned_recoverability,0.28449901416452306,0.23897148005267888,observable_blocks_reconstructed_interviewer_score_variation_beyond_binary_label_alignment,0.5,0.05
bge,2,P_within+Q+R+D,outer_test,0.23897148005267888,0.060318834760877904,0.3364665267229744,0.4382822688505539,0.46983073863505387,0.19209134718878917,0.2524101819496671,True,label_conditioned_recoverability,0.28449901416452306,0.23897148005267888,observable_blocks_reconstructed_interviewer_score_variation_beyond_binary_label_alignment,0.5,0.05
bge,2,Q,outer_test,0.1077436010079319,0.02719558193432442,0.3643881718235602,0.474567803390983,0.4270260755127402,0.22521460001534266,0.2524101819496671,True,label_conditioned_recoverability,0.28449901416452306,0.23897148005267888,observable_blocks_reconstructed_interviewer_score_variation_beyond_binary_label_alignment,0.5,0.05
bge,2,R,outer_test,0.24844365349890296,0.06270970778389814,0.33558614797512104,0.4355461791426587,0.5129581236863228,0.18970047416576893,0.2524101819496671,True,label_conditioned_recoverability,0.28449901416452306,0.23897148005267888,observable_blocks_reconstructed_interviewer_score_variation_beyond_binary_label_alignment,0.5,0.05
bge,3,D,outer_test,-0.03401369490585626,-0.008110208937261415,0.3930701498718789,0.49653773727830824,-0.07513351586005941,0.24654972454146223,0.23843951560420082,True,label_conditioned_recoverability,0.0414032814413684,-0.04523379597772936,inconclusive_label_conditioned_recoverability,0.5,0.05
bge,3,P_within,outer_test,-0.06189784822931532,-0.014758892948740304,0.3861622279972999,0.5031882436553353,0.10455142699673717,0.2531984085529411,0.23843951560420082,True,label_conditioned_recoverability,0.0414032814413684,-0.04523379597772936,inconclusive_label_conditioned_recoverability,0.5,0.05
bge,3,P_within+Q+R+D,outer_test,-0.04523379597772936,-0.010785524401869029,0.3968553077135826,0.4992244385104458,0.24035029998470214,0.24922504000606985,0.23843951560420082,True,label_conditioned_recoverability,0.0414032814413684,-0.04523379597772936,inconclusive_label_conditioned_recoverability,0.5,0.05
bge,3,Q,outer_test,-0.02795699174739097,-0.0066660515699985545,0.39320394339099196,0.4950813742953772,0.12693240232946557,0.24510556717419937,0.23843951560420082,True,label_conditioned_recoverability,0.0414032814413684,-0.04523379597772936,inconclusive_label_conditioned_recoverability,0.5,0.05
bge,3,R,outer_test,-0.010190519770547635,-0.002429822597844411,0.38666460641750283,0.4907844111237084,0.27215727035924825,0.24086933820204523,0.23843951560420082,True,label_conditioned_recoverability,0.0414032814413684,-0.04523379597772936,inconclusive_label_conditioned_recoverability,0.5,0.05
bge,4,D,outer_test,0.027423995669235257,0.0032691517539363,0.23437953902371214,0.340497517439085,0.11849972023780835,0.11593855938218,0.1192077111361163,True,label_conditioned_recoverability,0.18619181728556577,0.042913649010526966,inconclusive_label_conditioned_recoverability,0.5,0.05
bge,4,P_within,outer_test,0.0003381784367165741,4.031347739656688e-05,0.2328993811012623,0.3452063117307094,-0.05151186841327687,0.11916739765871974,0.1192077111361163,True,label_conditioned_recoverability,0.18619181728556577,0.042913649010526966,inconclusive_label_conditioned_recoverability,0.5,0.05
bge,4,P_within+Q+R+D,outer_test,0.042913649010526966,0.0051156378750435855,0.2506796628035892,0.3377751815351044,0.3049743184594848,0.11409207326107272,0.1192077111361163,True,label_conditioned_recoverability,0.18619181728556577,0.042913649010526966,inconclusive_label_conditioned_recoverability,0.5,0.05
bge,4,Q,outer_test,-0.011015390093104482,-0.0013131194402704327,0.23147788570567565,0.34716110176168463,0.30324335538599856,0.12052083057638674,0.1192077111361163,True,label_conditioned_recoverability,0.18619181728556577,0.042913649010526966,inconclusive_label_conditioned_recoverability,0.5,0.05
bge,4,R,outer_test,0.0476950011542826,0.00568561192023645,0.2493255606514337,0.33693040708116545,0.30444622803028565,0.11352209921587986,0.1192077111361163,True,label_conditioned_recoverability,0.18619181728556577,0.042913649010526966,inconclusive_label_conditioned_recoverability,0.5,0.05
bge,5,D,outer_test,0.02570989852762995,0.006211977007323677,0.37964717036388435,0.4851866957739275,0.13284016848663885,0.23540612975602165,0.24161810676334533,True,label_conditioned_recoverability,0.32364094692838974,0.19525469893860348,observable_blocks_reconstructed_interviewer_score_variation_beyond_binary_label_alignment,0.5,0.05
bge,5,P_within,outer_test,0.009223973841094746,0.0022286790963199354,0.38245124821318965,0.4892743889342926,0.02960868918315727,0.2393894276670254,0.24161810676334533,True,label_conditioned_recoverability,0.32364094692838974,0.19525469893860348,observable_blocks_reconstructed_interviewer_score_variation_beyond_binary_label_alignment,0.5,0.05
bge,5,P_within+Q+R+D,outer_test,0.19525469893860348,0.04717707069419236,0.34581421770145865,0.4409546870928497,0.45584053345515735,0.19444103606915297,0.24161810676334533,True,label_conditioned_recoverability,0.32364094692838974,0.19525469893860348,observable_blocks_reconstructed_interviewer_score_variation_beyond_binary_label_alignment,0.5,0.05
bge,5,Q,outer_test,0.05155686809229232,0.012457072859107188,0.3723323672091713,0.4787076706135365,0.3067010903390886,0.22916103390423814,0.24161810676334533,True,label_conditioned_recoverability,0.32364094692838974,0.19525469893860348,observable_blocks_reconstructed_interviewer_score_variation_beyond_binary_label_alignment,0.5,0.05
bge,5,R,outer_test,0.22986358200197388,0.05553920349715791,0.3413803209480698,0.43136863964153377,0.49134413683409794,0.18607890326618742,0.24161810676334533,True,label_conditioned_recoverability,0.32364094692838974,0.19525469893860348,observable_blocks_reconstructed_interviewer_score_variation_beyond_binary_label_alignment,0.5,0.05
bge,6,D,outer_test,-0.005216471499312814,-0.0006358403922089861,0.23305670107148233,0.35003819473353737,0.0746620060542269,0.12252673777231383,0.12189089738010485,True,label_conditioned_recoverability,0.21463118892126964,0.1026299400267835,observable_blocks_reconstructed_interviewer_score_variation_beyond_binary_label_alignment,0.5,0.05
bge,6,P_within,outer_test,0.057255018418375436,0.006978865574530216,0.2290225750769278,0.33898677231652363,0.10691106915260348,0.11491203180557463,0.12189089738010485,True,label_conditioned_recoverability,0.21463118892126964,0.1026299400267835,observable_blocks_reconstructed_interviewer_score_variation_beyond_binary_label_alignment,0.5,0.05
bge,6,P_within+Q+R+D,outer_test,0.1026299400267835,0.012509655487930982,0.22917302708933637,0.33072835060238465,0.40203398639119353,0.10938124189217387,0.12189089738010485,True,label_conditioned_recoverability,0.21463118892126964,0.1026299400267835,observable_blocks_reconstructed_interviewer_score_variation_beyond_binary_label_alignment,0.5,0.05
bge,6,Q,outer_test,-0.015771106333622997,-0.001922354303682372,0.23133022144815066,0.35187107253053246,0.17865592603381036,0.12381325168378722,0.12189089738010485,True,label_conditioned_recoverability,0.21463118892126964,0.1026299400267835,observable_blocks_reconstructed_interviewer_score_variation_beyond_binary_label_alignment,0.5,0.05
bge,6,R,outer_test,0.10977280801284572,0.013380306076619733,0.23129267562385805,0.3294094584305149,0.3969919801505058,0.10851059130348512,0.12189089738010485,True,label_conditioned_recoverability,0.21463118892126964,0.1026299400267835,observable_blocks_reconstructed_interviewer_score_variation_beyond_binary_label_alignment,0.5,0.05
bge,7,D,outer_test,-0.0013944444045550508,-0.0004190326183122761,0.43326413873947517,0.548562230273088,0.15743591140654373,0.3009205204821845,0.3005014878638722,True,label_conditioned_recoverability,0.07324379231919664,0.033751554189221045,inconclusive_label_conditioned_recoverability,0.5,0.05
bge,7,P_within,outer_test,-0.019075784195623724,-0.005732301532955064,0.43862577424793275,0.5533839439275657,-0.0010205557103968852,0.30623378939682727,0.3005014878638722,True,label_conditioned_recoverability,0.07324379231919664,0.033751554189221045,inconclusive_label_conditioned_recoverability,0.5,0.05
bge,7,P_within+Q+R+D,outer_test,0.033751554189221045,0.010142392251579035,0.4277293891984079,0.5388497894703989,0.3918032821239294,0.29035909561229317,0.3005014878638722,True,label_conditioned_recoverability,0.07324379231919664,0.033751554189221045,inconclusive_label_conditioned_recoverability,0.5,0.05
bge,7,Q,outer_test,-0.013924713500735875,-0.004184397125049255,0.44073936963180477,0.5519835912315886,0.07735057869909534,0.30468588498892146,0.3005014878638722,True,label_conditioned_recoverability,0.07324379231919664,0.033751554189221045,inconclusive_label_conditioned_recoverability,0.5,0.05
bge,7,R,outer_test,0.052337019027590914,0.015727352088150848,0.42325022955857244,0.5336423294452206,0.35485790804939743,0.28477413577572136,0.3005014878638722,True,label_conditioned_recoverability,0.07324379231919664,0.033751554189221045,inconclusive_label_conditioned_recoverability,0.5,0.05
bge,8,D,outer_test,0.021914667564967405,0.007113274405288417,0.46821010264488866,0.5634504251041532,0.20080659610795396,0.3174763815500509,0.32458965595533934,True,label_conditioned_recoverability,0.19083779473195628,0.09372383124170047,observable_blocks_reconstructed_interviewer_score_variation_beyond_binary_label_alignment,0.5,0.05
bge,8,P_within,outer_test,-0.0176112516326854,-0.0057164301083962865,0.4846369622123081,0.5747226166280005,-0.00784801054504381,0.3303060860637356,0.32458965595533934,True,label_conditioned_recoverability,0.19083779473195628,0.09372383124170047,observable_blocks_reconstructed_interviewer_score_variation_beyond_binary_label_alignment,0.5,0.05
bge,8,P_within+Q+R+D,outer_test,0.09372383124170047,0.03042178613755986,0.4419270865356612,0.5423724456660566,0.32631587770934495,0.2941678698177795,0.32458965595533934,True,label_conditioned_recoverability,0.19083779473195628,0.09372383124170047,observable_blocks_reconstructed_interviewer_score_variation_beyond_binary_label_alignment,0.5,0.05
bge,8,Q,outer_test,0.04768873769138582,0.01547927096019136,0.4616347244832034,0.5559769644465029,0.273515217177189,0.309110384995148,0.32458965595533934,True,label_conditioned_recoverability,0.19083779473195628,0.09372383124170047,observable_blocks_reconstructed_interviewer_score_variation_beyond_binary_label_alignment,0.5,0.05
bge,8,R,outer_test,0.10471893932265597,0.03399068448674897,0.4391925302406948,0.5390723248958255,0.35526864504988576,0.2905989714685904,0.32458965595533934,True,label_conditioned_recoverability,0.19083779473195628,0.09372383124170047,observable_blocks_reconstructed_interviewer_score_variation_beyond_binary_label_alignment,0.5,0.05
bge,9,D,outer_test,0.014792991206093786,0.0037272502382574013,0.38469399974008117,0.4982301700205297,0.10006695439248312,0.24823330231868593,0.25196055255694333,True,label_conditioned_recoverability,0.3161251296427312,0.21897942013626237,observable_blocks_reconstructed_interviewer_score_variation_beyond_binary_label_alignment,0.5,0.05
bge,9,P_within,outer_test,0.03125611496593228,0.00787530799759964,0.37443799397083094,0.49404984015718867,0.26664165920983424,0.2440852445593437,0.25196055255694333,True,label_conditioned_recoverability,0.3161251296427312,0.21897942013626237,observable_blocks_reconstructed_interviewer_score_variation_beyond_binary_label_alignment,0.5,0.05
bge,9,P_within+Q+R+D,outer_test,0.21897942013626237,0.0551741756961317,0.3373550431088274,0.4436061055269772,0.4842484455909689,0.19678637686081163,0.25196055255694333,True,label_conditioned_recoverability,0.3161251296427312,0.21897942013626237,observable_blocks_reconstructed_interviewer_score_variation_beyond_binary_label_alignment,0.5,0.05
bge,9,Q,outer_test,0.04254211510963646,0.010718934829965082,0.3753403232451788,0.4911635346063246,0.36681119300238274,0.24124161772697825,0.25196055255694333,True,label_conditioned_recoverability,0.3161251296427312,0.21897942013626237,observable_blocks_reconstructed_interviewer_score_variation_beyond_binary_label_alignment,0.5,0.05
bge,9,R,outer_test,0.17876297246230988,0.04504121731832525,0.34902784247854496,0.45488387005764236,0.4259782770421069,0.20691933523861808,0.25196055255694333,True,label_conditioned_recoverability,0.3161251296427312,0.21897942013626237,observable_blocks_reconstructed_interviewer_score_variation_beyond_binary_label_alignment,0.5,0.05
bge,10,D,outer_test,0.024930403886588737,0.007645548400464441,0.4584626244355106,0.5468364700859081,0.12716318447606453,0.2990301250160162,0.30667567341648067,True,label_conditioned_recoverability,0.2543646723418719,0.16266477830909998,observable_blocks_reconstructed_interviewer_score_variation_beyond_binary_label_alignment,0.5,0.05
bge,10,P_within,outer_test,-0.0032137027503633675,-0.0009855644551280962,0.46689986135606154,0.5546721895602922,0.03190127223690305,0.30766123787160876,0.30667567341648067,True,label_conditioned_recoverability,0.2543646723418719,0.16266477830909998,observable_blocks_reconstructed_interviewer_score_variation_beyond_binary_label_alignment,0.5,0.05
bge,10,P_within+Q+R+D,outer_test,0.16266477830909998,0.04988533042908577,0.4146474457777768,0.5067448499860604,0.474734435477618,0.2567903429873949,0.30667567341648067,True,label_conditioned_recoverability,0.2543646723418719,0.16266477830909998,observable_blocks_reconstructed_interviewer_score_variation_beyond_binary_label_alignment,0.5,0.05
bge,10,Q,outer_test,0.05180267619609058,0.015886620607211965,0.4509477140148094,0.53924860019222,0.28826402844982413,0.2907890528092687,0.30667567341648067,True,label_conditioned_recoverability,0.2543646723418719,0.16266477830909998,observable_blocks_reconstructed_interviewer_score_variation_beyond_binary_label_alignment,0.5,0.05
bge,10,R,outer_test,0.16134787021586317,0.04948146675276477,0.41430181536974187,0.5071431816200588,0.4884983161878577,0.2571942066637159,0.30667567341648067,True,label_conditioned_recoverability,0.2543646723418719,0.16266477830909998,observable_blocks_reconstructed_interviewer_score_variation_beyond_binary_label_alignment,0.5,0.05
mpnet,1,D,outer_test,0.03582552268806238,0.011532586190694638,0.3380706462451438,0.5571150649462209,0.10191527283134659,0.3103771955900319,0.32190978178072654,True,label_conditioned_recoverability,0.2967210380639399,0.28344327194248187,observable_blocks_reconstructed_interviewer_score_variation_beyond_binary_label_alignment,0.5,0.05
mpnet,1,P_within,outer_test,0.08637458368478701,0.02780482338537088,0.3301747594409452,0.542314446050772,0.3860152433721508,0.29410495839535566,0.32190978178072654,True,label_conditioned_recoverability,0.2967210380639399,0.28344327194248187,observable_blocks_reconstructed_interviewer_score_variation_beyond_binary_label_alignment,0.5,0.05
mpnet,1,P_within+Q+R+D,outer_test,0.28344327194248187,0.09124316181821945,0.2912582793110065,0.4802776488267043,0.44195510812232425,0.2306666199625071,0.32190978178072654,True,label_conditioned_recoverability,0.2967210380639399,0.28344327194248187,observable_blocks_reconstructed_interviewer_score_variation_beyond_binary_label_alignment,0.5,0.05
mpnet,1,Q,outer_test,0.20069564202370782,0.06460589032819458,0.2968885942003709,0.5072513099564475,0.5729718288903186,0.25730389145253196,0.32190978178072654,True,label_conditioned_recoverability,0.2967210380639399,0.28344327194248187,observable_blocks_reconstructed_interviewer_score_variation_beyond_binary_label_alignment,0.5,0.05
mpnet,1,R,outer_test,0.26468646979277766,0.0852051637313039,0.29530017773763995,0.48652298820243084,0.43032035390441153,0.23670461804942264,0.32190978178072654,True,label_conditioned_recoverability,0.2967210380639399,0.28344327194248187,observable_blocks_reconstructed_interviewer_score_variation_beyond_binary_label_alignment,0.5,0.05
mpnet,2,D,outer_test,0.001114116880417626,0.00038459225373821404,0.368064289619907,0.5872091670535428,0.0165887627687566,0.34481460587171553,0.34519919812545374,True,label_conditioned_recoverability,-0.1713350948762995,-0.19591334938108562,inconclusive_label_conditioned_recoverability,0.5,0.05
mpnet,2,P_within,outer_test,-4.300800422287051,-1.484632857071103,0.7927178924657288,1.3527128502370918,0.3840579558290077,1.8298320551965566,0.34519919812545374,True,label_conditioned_recoverability,-0.1713350948762995,-0.19591334938108562,inconclusive_label_conditioned_recoverability,0.5,0.05
mpnet,2,P_within+Q+R+D,outer_test,-0.19591334938108562,-0.06762913110842261,0.44411128413799145,0.6425171820534268,0.30533895232726527,0.41282832923387636,0.34519919812545374,True,label_conditioned_recoverability,-0.1713350948762995,-0.19591334938108562,inconclusive_label_conditioned_recoverability,0.5,0.05
mpnet,2,Q,outer_test,0.008884223989885642,0.0030668269972754514,0.36882057873337326,0.5849208246661921,0.2589382448537378,0.3421323711281783,0.34519919812545374,True,label_conditioned_recoverability,-0.1713350948762995,-0.19591334938108562,inconclusive_label_conditioned_recoverability,0.5,0.05
mpnet,2,R,outer_test,0.009829761687371597,0.0033932258522449965,0.371573931073715,0.5846417469469732,0.3334409073096517,0.34180597227320875,0.34519919812545374,True,label_conditioned_recoverability,-0.1713350948762995,-0.19591334938108562,inconclusive_label_conditioned_recoverability,0.5,0.05
mpnet,3,D,outer_test,-0.038213837378721305,-0.012050975418586296,0.3579153329002136,0.5721951616372081,-0.07832092214748726,0.32740730300103066,0.31535632758244436,True,label_conditioned_recoverability,0.06788192496188783,0.020730547942517275,inconclusive_label_conditioned_recoverability,0.5,0.05
mpnet,3,P_within,outer_test,-0.00853095468203291,-0.0026902905392981458,0.3350715206940686,0.5639562200399447,0.07097577280376202,0.3180466181217425,0.31535632758244436,True,label_conditioned_recoverability,0.06788192496188783,0.020730547942517275,inconclusive_label_conditioned_recoverability,0.5,0.05
mpnet,3,P_within+Q+R+D,outer_test,0.020730547942517275,0.00653750946792403,0.397604783325635,0.5557146912890826,0.225153030966636,0.30881881811452033,0.31535632758244436,True,label_conditioned_recoverability,0.06788192496188783,0.020730547942517275,inconclusive_label_conditioned_recoverability,0.5,0.05
mpnet,3,Q,outer_test,0.022740208024807473,0.007171268491164118,0.3636198184985968,0.555144178652069,0.20140572642820173,0.30818505909128024,0.31535632758244436,True,label_conditioned_recoverability,0.06788192496188783,0.020730547942517275,inconclusive_label_conditioned_recoverability,0.5,0.05
mpnet,3,R,outer_test,0.034608702099392374,0.010914073196459206,0.39379999907792995,0.5517628606439411,0.25014092889430023,0.30444225438598516,0.31535632758244436,True,label_conditioned_recoverability,0.06788192496188783,0.020730547942517275,inconclusive_label_conditioned_recoverability,0.5,0.05
mpnet,4,D,outer_test,-0.04981955408871963,-0.008106841913606028,0.27776225353800915,0.4133169947417505,-0.040007041205722654,0.1708309381423522,0.16272409622874617,True,label_conditioned_recoverability,-0.3791341310233316,-0.3944002558488071,inconclusive_label_conditioned_recoverability,0.5,0.05
mpnet,4,P_within,outer_test,-0.022726113059492015,-0.003698086208398149,0.2681075566049994,0.40794874976784073,0.35949755967736197,0.16642218243714432,0.16272409622874617,True,label_conditioned_recoverability,-0.3791341310233316,-0.3944002558488071,inconclusive_label_conditioned_recoverability,0.5,0.05
mpnet,4,P_within+Q+R+D,outer_test,-0.3944002558488071,-0.06417842518538339,0.3535811295899329,0.47634286119782415,0.1847918338778393,0.22690252141412956,0.16272409622874617,True,label_conditioned_recoverability,-0.3791341310233316,-0.3944002558488071,inconclusive_label_conditioned_recoverability,0.5,0.05
mpnet,4,Q,outer_test,-0.12291877219174574,-0.020001846114448968,0.30150686136322036,0.4274645509784351,0.16806058789876593,0.18272594234319514,0.16272409622874617,True,label_conditioned_recoverability,-0.3791341310233316,-0.3944002558488071,inconclusive_label_conditioned_recoverability,0.5,0.05
mpnet,4,R,outer_test,-0.39713855531219866,-0.06462401249076746,0.36150144569939613,0.47681034879657724,0.1459813785255799,0.22734810871951364,0.16272409622874617,True,label_conditioned_recoverability,-0.3791341310233316,-0.3944002558488071,inconclusive_label_conditioned_recoverability,0.5,0.05
mpnet,5,D,outer_test,0.02733916467627817,0.01326398861499778,0.5137900789191399,0.6869500576432731,0.21232842264134302,0.4719003816960962,0.485164370311094,True,label_conditioned_recoverability,0.15783607599488736,0.08438357955234399,observable_blocks_reconstructed_interviewer_score_variation_beyond_binary_label_alignment,0.5,0.05
mpnet,5,P_within,outer_test,0.015142134699815957,0.007346424246801986,0.5259232656256972,0.6912437674686782,0.17347980158888163,0.477817946064292,0.485164370311094,True,label_conditioned_recoverability,0.15783607599488736,0.08438357955234399,observable_blocks_reconstructed_interviewer_score_variation_beyond_binary_label_alignment,0.5,0.05
mpnet,5,P_within+Q+R+D,outer_test,0.08438357955234399,0.04093990623810906,0.5028959562708397,0.6665016609679115,0.3899172448767894,0.44422446407298494,0.485164370311094,True,label_conditioned_recoverability,0.15783607599488736,0.08438357955234399,observable_blocks_reconstructed_interviewer_score_variation_beyond_binary_label_alignment,0.5,0.05
mpnet,5,Q,outer_test,0.02717277864386891,0.013183264040355414,0.5142750847078288,0.6870088109120134,0.3262152890561641,0.4719811062707386,0.485164370311094,True,label_conditioned_recoverability,0.15783607599488736,0.08438357955234399,observable_blocks_reconstructed_interviewer_score_variation_beyond_binary_label_alignment,0.5,0.05
mpnet,5,R,outer_test,0.07320457438108219,0.03551625123348939,0.501521588747612,0.6705580654034403,0.37334945545913484,0.4496481190776046,0.485164370311094,True,label_conditioned_recoverability,0.15783607599488736,0.08438357955234399,observable_blocks_reconstructed_interviewer_score_variation_beyond_binary_label_alignment,0.5,0.05
mpnet,6,D,outer_test,-0.0022098607345992782,-3.392340189754643e-05,0.06178760111518026,0.12403566570019889,0.0739536935459096,0.015384846365691493,0.015350922963793947,True,label_conditioned_recoverability,-0.027806733854532917,-0.025605506301454195,inconclusive_label_conditioned_recoverability,0.5,0.05
mpnet,6,P_within,outer_test,-0.001169750433011929,-1.7956748784030835e-05,0.06125085855111841,0.12397128583901185,-0.2571527962597786,0.015368879712577978,0.015350922963793947,True,label_conditioned_recoverability,-0.027806733854532917,-0.025605506301454195,inconclusive_label_conditioned_recoverability,0.5,0.05
mpnet,6,P_within+Q+R+D,outer_test,-0.025605506301454195,-0.00039306815468256526,0.06490489989585328,0.12547506173928152,0.32598896458650733,0.015743991118476512,0.015350922963793947,True,label_conditioned_recoverability,-0.027806733854532917,-0.025605506301454195,inconclusive_label_conditioned_recoverability,0.5,0.05
mpnet,6,Q,outer_test,-0.0020643670548332604,-3.1689939627739874e-05,0.06195890618618454,0.1240266620667576,0.2225796379227605,0.015382612903421687,0.015350922963793947,True,label_conditioned_recoverability,-0.027806733854532917,-0.025605506301454195,inconclusive_label_conditioned_recoverability,0.5,0.05
mpnet,6,R,outer_test,-0.024396690774599383,-0.00037451172065237903,0.0646537497633137,0.1254010952282568,0.3157666427070083,0.015725434684446326,0.015350922963793947,True,label_conditioned_recoverability,-0.027806733854532917,-0.025605506301454195,inconclusive_label_conditioned_recoverability,0.5,0.05
mpnet,7,D,outer_test,-0.004504144294332324,-0.0005402154136649184,0.16074970986390294,0.3470988738693599,-0.04731648333686092,0.12047762824137782,0.1199374128277129,True,label_conditioned_recoverability,-0.1662640887089697,-0.16803349559139513,inconclusive_label_conditioned_recoverability,0.5,0.05
mpnet,7,P_within,outer_test,-0.02177309727950183,-0.0026114089569495708,0.16455799909625046,0.3500697384588712,0.1606086451756215,0.12254882178466248,0.1199374128277129,True,label_conditioned_recoverability,-0.1662640887089697,-0.16803349559139513,inconclusive_label_conditioned_recoverability,0.5,0.05
mpnet,7,P_within+Q+R+D,outer_test,-0.16803349559139513,-0.020153502729628833,0.19809731700028005,0.3742872099836458,0.057366966267176044,0.14009091555734174,0.1199374128277129,True,label_conditioned_recoverability,-0.1662640887089697,-0.16803349559139513,inconclusive_label_conditioned_recoverability,0.5,0.05
mpnet,7,Q,outer_test,-0.028162801260803283,-0.0033777735212018045,0.17128257160632612,0.351162620944933,0.09539785955728419,0.12331518634891471,0.1199374128277129,True,label_conditioned_recoverability,-0.1662640887089697,-0.16803349559139513,inconclusive_label_conditioned_recoverability,0.5,0.05
mpnet,7,R,outer_test,-0.1643634457602159,-0.019713326447928406,0.2000056200509454,0.3736987279556104,0.021766965428937263,0.1396507392756413,0.1199374128277129,True,label_conditioned_recoverability,-0.1662640887089697,-0.16803349559139513,inconclusive_label_conditioned_recoverability,0.5,0.05
mpnet,8,D,outer_test,-0.03799599463383885,-0.0018219116518068262,0.1714802107457407,0.22309641249999101,-0.024440972735220844,0.049772009270366145,0.04795009761855932,True,label_conditioned_recoverability,-1.1711386934886878,-6.878184611429844,inconclusive_label_conditioned_recoverability,0.5,0.05
mpnet,8,P_within,outer_test,-0.4452318709665162,-0.021348911675738262,0.19662151979596085,0.263247049925156,0.2651915061264776,0.06929900929429758,0.04795009761855932,True,label_conditioned_recoverability,-1.1711386934886878,-6.878184611429844,inconclusive_label_conditioned_recoverability,0.5,0.05
mpnet,8,P_within+Q+R+D,outer_test,-6.878184611429844,-0.3298096235565335,0.3789831652966672,0.614621608125758,-0.06406449409146443,0.3777597211750928,0.04795009761855932,True,label_conditioned_recoverability,-1.1711386934886878,-6.878184611429844,inconclusive_label_conditioned_recoverability,0.5,0.05
mpnet,8,Q,outer_test,-0.702759327569763,-0.033697378359323245,0.21128670310623157,0.28574022464098847,0.03414775215794095,0.08164747597788256,0.04795009761855932,True,label_conditioned_recoverability,-1.1711386934886878,-6.878184611429844,inconclusive_label_conditioned_recoverability,0.5,0.05
mpnet,8,R,outer_test,-0.7787722483350907,-0.037342205330292526,0.22423845929819297,0.2920484599323404,0.17720996414433635,0.08529230294885184,0.04795009761855932,True,label_conditioned_recoverability,-1.1711386934886878,-6.878184611429844,inconclusive_label_conditioned_recoverability,0.5,0.05
mpnet,9,D,outer_test,-0.016502304519731448,-0.004828264652578518,0.27871550163084574,0.5453526387696453,-0.0947001250025405,0.2974095006130153,0.2925812359604368,True,label_conditioned_recoverability,0.18917373792213077,0.10997924834125239,observable_blocks_reconstructed_interviewer_score_variation_beyond_binary_label_alignment,0.5,0.05
mpnet,9,P_within,outer_test,0.1738320501394126,0.05085999607932595,0.23733218223412977,0.4916515431493232,0.5337422541498058,0.24172123988111083,0.2925812359604368,True,label_conditioned_recoverability,0.18917373792213077,0.10997924834125239,observable_blocks_reconstructed_interviewer_score_variation_beyond_binary_label_alignment,0.5,0.05
mpnet,9,P_within+Q+R+D,outer_test,0.10997924834125239,0.032177864409683454,0.27837141011562955,0.5102973364135397,0.2035641912777064,0.2604033715507533,0.2925812359604368,True,label_conditioned_recoverability,0.18917373792213077,0.10997924834125239,observable_blocks_reconstructed_interviewer_score_variation_beyond_binary_label_alignment,0.5,0.05
mpnet,9,Q,outer_test,0.1157157809691397,0.03385626621607807,0.2730980667044282,0.5086501447403301,0.23680035876619637,0.2587249697443587,0.2925812359604368,True,label_conditioned_recoverability,0.18917373792213077,0.10997924834125239,observable_blocks_reconstructed_interviewer_score_variation_beyond_binary_label_alignment,0.5,0.05
mpnet,9,R,outer_test,0.09564095861704813,0.02798274988061694,0.2760101325116587,0.5143913744220638,0.19780129968922297,0.26459848607981984,0.2925812359604368,True,label_conditioned_recoverability,0.18917373792213077,0.10997924834125239,observable_blocks_reconstructed_interviewer_score_variation_beyond_binary_label_alignment,0.5,0.05
mpnet,10,D,outer_test,-0.006399622731537491,-0.001302530506589794,0.3289941032492409,0.45258691986036226,0.13631886669909854,0.20483492002868997,0.20353238952210018,True,label_conditioned_recoverability,-1.026166128072994,-2.2815188593320492,inconclusive_label_conditioned_recoverability,0.5,0.05
mpnet,10,P_within,outer_test,-75.01733221184745,-15.268456880650527,1.6866739827032589,3.933444962138485,0.4690511765729027,15.471989270172628,0.20353238952210018,True,label_conditioned_recoverability,-1.026166128072994,-2.2815188593320492,inconclusive_label_conditioned_recoverability,0.5,0.05
mpnet,10,P_within+Q+R+D,outer_test,-2.2815188593320492,-0.4643629851795883,0.4997144324412289,0.8172486614866301,0.280351054399601,0.6678953747016885,0.20353238952210018,True,label_conditioned_recoverability,-1.026166128072994,-2.2815188593320492,inconclusive_label_conditioned_recoverability,0.5,0.05
mpnet,10,Q,outer_test,-0.0018657779776964922,-0.0003797462501183013,0.31171602706119017,0.45156631381472473,0.2801456858993569,0.20391213577221848,0.20353238952210018,True,label_conditioned_recoverability,-1.026166128072994,-2.2815188593320492,inconclusive_label_conditioned_recoverability,0.5,0.05
mpnet,10,R,outer_test,-0.06141984623009478,-0.012500928067291167,0.3395113364347215,0.4647938441819032,0.2467376794616831,0.21603331758939134,0.20353238952210018,True,label_conditioned_recoverability,-1.026166128072994,-2.2815188593320492,inconclusive_label_conditioned_recoverability,0.5,0.05
tfidf,1,D,outer_test,0.11958712719698872,0.020502481020881536,0.3272197946972603,0.38851177388261704,0.4139248371459793,0.15094139844541776,0.1714438794662993,True,label_conditioned_recoverability,0.7797730679471362,0.6389793636266059,observable_blocks_reconstructed_interviewer_score_variation_beyond_binary_label_alignment,0.5,0.05
tfidf,1,P_within,outer_test,0.1627989430629866,0.027910882371731588,0.3163604416848985,0.3788574891625711,0.4215984794348594,0.1435329970945677,0.1714438794662993,True,label_conditioned_recoverability,0.7797730679471362,0.6389793636266059,observable_blocks_reconstructed_interviewer_score_variation_beyond_binary_label_alignment,0.5,0.05
tfidf,1,P_within+Q+R+D,outer_test,0.6389793636266059,0.10954910099905246,0.19906529332010425,0.24878661231514618,0.7917060464258546,0.06189477846724684,0.1714438794662993,True,label_conditioned_recoverability,0.7797730679471362,0.6389793636266059,observable_blocks_reconstructed_interviewer_score_variation_beyond_binary_label_alignment,0.5,0.05
tfidf,1,Q,outer_test,0.24639726403959372,0.04224330283683003,0.30042740047662136,0.3594448172243818,0.47269332405682424,0.12920057662946927,0.1714438794662993,True,label_conditioned_recoverability,0.7797730679471362,0.6389793636266059,observable_blocks_reconstructed_interviewer_score_variation_beyond_binary_label_alignment,0.5,0.05
tfidf,1,R,outer_test,0.6118387503170062,0.10489600896216,0.20956598941450236,0.2579687393932437,0.7754316405799775,0.0665478705041393,0.1714438794662993,True,label_conditioned_recoverability,0.7797730679471362,0.6389793636266059,observable_blocks_reconstructed_interviewer_score_variation_beyond_binary_label_alignment,0.5,0.05
tfidf,2,D,outer_test,0.08828452106353957,0.016261981208502335,0.3408379591938212,0.4098020332914992,0.32196575581467857,0.16793770648984704,0.18419968769834938,True,label_conditioned_recoverability,0.785658688143336,0.6607952297403861,observable_blocks_reconstructed_interviewer_score_variation_beyond_binary_label_alignment,0.5,0.05
tfidf,2,P_within,outer_test,0.2526708773377544,0.0465418966960823,0.30244550124032415,0.3710226286930045,0.5100368615501969,0.13765779100226708,0.18419968769834938,True,label_conditioned_recoverability,0.785658688143336,0.6607952297403861,observable_blocks_reconstructed_interviewer_score_variation_beyond_binary_label_alignment,0.5,0.05
tfidf,2,P_within+Q+R+D,outer_test,0.6607952297403861,0.12171827495073816,0.1997805277680135,0.24996282273092377,0.83189959575935,0.06248141274761122,0.18419968769834938,True,label_conditioned_recoverability,0.785658688143336,0.6607952297403861,observable_blocks_reconstructed_interviewer_score_variation_beyond_binary_label_alignment,0.5,0.05
tfidf,2,Q,outer_test,0.25518553319528614,0.04700509551970847,0.3071283252554844,0.37039788360443004,0.4977943842193168,0.1371945921786409,0.18419968769834938,True,label_conditioned_recoverability,0.785658688143336,0.6607952297403861,observable_blocks_reconstructed_interviewer_score_variation_beyond_binary_label_alignment,0.5,0.05
tfidf,2,R,outer_test,0.6360390994572473,0.11715820348396434,0.20860795959396192,0.25892370346182103,0.8229011024935508,0.06704148421438504,0.18419968769834938,True,label_conditioned_recoverability,0.785658688143336,0.6607952297403861,observable_blocks_reconstructed_interviewer_score_variation_beyond_binary_label_alignment,0.5,0.05
tfidf,3,D,outer_test,0.11548737891207117,0.018430506452119716,0.3149023705406941,0.37571054925327674,0.40422011754237747,0.1411584168201989,0.1595889232723186,True,label_conditioned_recoverability,0.7761637728562474,0.6146239724277971,observable_blocks_reconstructed_interviewer_score_variation_beyond_binary_label_alignment,0.5,0.05
tfidf,3,P_within,outer_test,0.19628164021486316,0.03132437562001464,0.29918116219696017,0.35814040215019577,0.4771401807661922,0.12826454765230397,0.1595889232723186,True,label_conditioned_recoverability,0.7761637728562474,0.6146239724277971,observable_blocks_reconstructed_interviewer_score_variation_beyond_binary_label_alignment,0.5,0.05
tfidf,3,P_within+Q+R+D,outer_test,0.6146239724277971,0.09808717797710739,0.20045804092898084,0.24799545418255395,0.7751047274571399,0.06150174529521122,0.1595889232723186,True,label_conditioned_recoverability,0.7761637728562474,0.6146239724277971,observable_blocks_reconstructed_interviewer_score_variation_beyond_binary_label_alignment,0.5,0.05
tfidf,3,Q,outer_test,0.24613776855059277,0.03928086145964027,0.2862676426592509,0.3468545254320294,0.4827521893749044,0.12030806181267834,0.1595889232723186,True,label_conditioned_recoverability,0.7761637728562474,0.6146239724277971,observable_blocks_reconstructed_interviewer_score_variation_beyond_binary_label_alignment,0.5,0.05
tfidf,3,R,outer_test,0.5917050404210424,0.09442957029559793,0.20986853909694084,0.2552633012728635,0.7720241999534779,0.06515935297672068,0.1595889232723186,True,label_conditioned_recoverability,0.7761637728562474,0.6146239724277971,observable_blocks_reconstructed_interviewer_score_variation_beyond_binary_label_alignment,0.5,0.05
tfidf,4,D,outer_test,0.10051681149593417,0.017435881509419993,0.3257339930407487,0.3950018484278166,0.3523599564954075,0.1560264602613918,0.1734623417708118,True,label_conditioned_recoverability,0.795437981469595,0.6539650471420146,observable_blocks_reconstructed_interviewer_score_variation_beyond_binary_label_alignment,0.5,0.05
tfidf,4,P_within,outer_test,0.1948231818505155,0.03379448535503113,0.31214801161856276,0.3737216295797992,0.5214452912984529,0.13966785641578067,0.1734623417708118,True,label_conditioned_recoverability,0.795437981469595,0.6539650471420146,observable_blocks_reconstructed_interviewer_score_variation_beyond_binary_label_alignment,0.5,0.05
tfidf,4,P_within+Q+R+D,outer_test,0.6539650471420146,0.11343830851351319,0.19951330264602324,0.2449980270477675,0.8063039747187186,0.06002403325729861,0.1734623417708118,True,label_conditioned_recoverability,0.795437981469595,0.6539650471420146,observable_blocks_reconstructed_interviewer_score_variation_beyond_binary_label_alignment,0.5,0.05
tfidf,4,Q,outer_test,0.2667036440910009,0.046263038662834155,0.29445970647895614,0.35665011300710064,0.5432143523243315,0.12719930310797764,0.1734623417708118,True,label_conditioned_recoverability,0.795437981469595,0.6539650471420146,observable_blocks_reconstructed_interviewer_score_variation_beyond_binary_label_alignment,0.5,0.05
tfidf,4,R,outer_test,0.6392089748812856,0.11087868566382782,0.20585922674338794,0.2501672562646518,0.7970288626566722,0.06258365610698398,0.1734623417708118,True,label_conditioned_recoverability,0.795437981469595,0.6539650471420146,observable_blocks_reconstructed_interviewer_score_variation_beyond_binary_label_alignment,0.5,0.05
tfidf,5,D,outer_test,0.12300677470444221,0.02214324712410115,0.32651372120450195,0.3973326530116505,0.40657390138189403,0.15787323714927667,0.18001648427337782,True,label_conditioned_recoverability,0.7809653350898903,0.632123282130373,observable_blocks_reconstructed_interviewer_score_variation_beyond_binary_label_alignment,0.5,0.05
tfidf,5,P_within,outer_test,0.15791108136443344,0.028426597695032613,0.323849382682211,0.38934545917262886,0.4386482561490053,0.1515898865783452,0.18001648427337782,True,label_conditioned_recoverability,0.7809653350898903,0.632123282130373,observable_blocks_reconstructed_interviewer_score_variation_beyond_binary_label_alignment,0.5,0.05
tfidf,5,P_within+Q+R+D,outer_test,0.632123282130373,0.11379261087645828,0.20451120433743633,0.2573399957195141,0.8078840548124336,0.06622387339691954,0.18001648427337782,True,label_conditioned_recoverability,0.7809653350898903,0.632123282130373,observable_blocks_reconstructed_interviewer_score_variation_beyond_binary_label_alignment,0.5,0.05
tfidf,5,Q,outer_test,0.22448382525250044,0.04041078899819445,0.312052652995262,0.3736384552949326,0.41192939514785487,0.13960569527518338,0.18001648427337782,True,label_conditioned_recoverability,0.7809653350898903,0.632123282130373,observable_blocks_reconstructed_interviewer_score_variation_beyond_binary_label_alignment,0.5,0.05
tfidf,5,R,outer_test,0.6113336576944662,0.11005013577614242,0.21533081234562806,0.26451152809893824,0.7937974521732388,0.0699663484972354,0.18001648427337782,True,label_conditioned_recoverability,0.7809653350898903,0.632123282130373,observable_blocks_reconstructed_interviewer_score_variation_beyond_binary_label_alignment,0.5,0.05
tfidf,6,D,outer_test,0.10867507491528194,0.019214209974502572,0.3292817989654138,0.39697606065396157,0.3661870888043579,0.15758999273233776,0.17680420270684033,True,label_conditioned_recoverability,0.7734720570077491,0.6247031108052904,observable_blocks_reconstructed_interviewer_score_variation_beyond_binary_label_alignment,0.5,0.05
tfidf,6,P_within,outer_test,0.14642037938795216,0.025887738437719965,0.3249391143887868,0.38847968321280374,0.37003841229193346,0.15091646426912037,0.17680420270684033,True,label_conditioned_recoverability,0.7734720570077491,0.6247031108052904,observable_blocks_reconstructed_interviewer_score_variation_beyond_binary_label_alignment,0.5,0.05
tfidf,6,P_within+Q+R+D,outer_test,0.6247031108052904,0.1104501354344123,0.2088726922184736,0.2575928323389997,0.7816010779750665,0.06635406727242803,0.17680420270684033,True,label_conditioned_recoverability,0.7734720570077491,0.6247031108052904,observable_blocks_reconstructed_interviewer_score_variation_beyond_binary_label_alignment,0.5,0.05
tfidf,6,Q,outer_test,0.2754456675539422,0.048699951640928135,0.29915993285037507,0.3579165420400574,0.49523775595097147,0.1281042510659122,0.17680420270684033,True,label_conditioned_recoverability,0.7734720570077491,0.6247031108052904,observable_blocks_reconstructed_interviewer_score_variation_beyond_binary_label_alignment,0.5,0.05
tfidf,6,R,outer_test,0.6111103539167306,0.10804687889014257,0.21289331727415434,0.26221617764107874,0.7779966512360879,0.06875732381669776,0.17680420270684033,True,label_conditioned_recoverability,0.7734720570077491,0.6247031108052904,observable_blocks_reconstructed_interviewer_score_variation_beyond_binary_label_alignment,0.5,0.05
tfidf,7,D,outer_test,0.11559926079910576,0.020364755427973058,0.3334624049769958,0.3947177161719751,0.4045612763023611,0.1558020754600199,0.17616683088799295,True,label_conditioned_recoverability,0.7941237104241636,0.6509357248755674,observable_blocks_reconstructed_interviewer_score_variation_beyond_binary_label_alignment,0.5,0.05
tfidf,7,P_within,outer_test,0.1380102223745392,0.024312823505869746,0.32734529307380994,0.3896844972309307,0.38316942272591065,0.1518540073821232,0.17616683088799295,True,label_conditioned_recoverability,0.7941237104241636,0.6509357248755674,observable_blocks_reconstructed_interviewer_score_variation_beyond_binary_label_alignment,0.5,0.05
tfidf,7,P_within+Q+R+D,outer_test,0.6509357248755674,0.1146732837631072,0.1998732854760829,0.24797892475951613,0.8088564117931814,0.06149354712488576,0.17616683088799295,True,label_conditioned_recoverability,0.7941237104241636,0.6509357248755674,observable_blocks_reconstructed_interviewer_score_variation_beyond_binary_label_alignment,0.5,0.05
tfidf,7,Q,outer_test,0.20333794066950106,0.03582140060703673,0.31257792855727495,0.3746270549239019,0.39947735812284807,0.14034543028095622,0.17616683088799295,True,label_conditioned_recoverability,0.7941237104241636,0.6509357248755674,observable_blocks_reconstructed_interviewer_score_variation_beyond_binary_label_alignment,0.5,0.05
tfidf,7,R,outer_test,0.6290628709649229,0.1108200124071929,0.20797907669730026,0.2556302378060938,0.79896100303652,0.06534681848080005,0.17616683088799295,True,label_conditioned_recoverability,0.7941237104241636,0.6509357248755674,observable_blocks_reconstructed_interviewer_score_variation_beyond_binary_label_alignment,0.5,0.05
tfidf,8,D,outer_test,0.11597950828034675,0.019987977040655663,0.32567476592317607,0.3903237301291277,0.4085014265793368,0.1523526143019161,0.17234059134257176,True,label_conditioned_recoverability,0.7850254844740023,0.6582835259289697,observable_blocks_reconstructed_interviewer_score_variation_beyond_binary_label_alignment,0.5,0.05
tfidf,8,P_within,outer_test,0.22029908787738228,0.03796647507701725,0.3021442575165469,0.3665707520596188,0.46846860062323054,0.1343741162655545,0.17234059134257176,True,label_conditioned_recoverability,0.7850254844740023,0.6582835259289697,observable_blocks_reconstructed_interviewer_score_variation_beyond_binary_label_alignment,0.5,0.05
tfidf,8,P_within+Q+R+D,outer_test,0.6582835259289697,0.11344897212967181,0.19397832686471847,0.24267595516016818,0.8094180317734408,0.05889161921289996,0.17234059134257176,True,label_conditioned_recoverability,0.7850254844740023,0.6582835259289697,observable_blocks_reconstructed_interviewer_score_variation_beyond_binary_label_alignment,0.5,0.05
tfidf,8,Q,outer_test,0.2689019239437189,0.046342716585615784,0.2961499988331495,0.354961793376352,0.5195802100207255,0.12599787475695598,0.17234059134257176,True,label_conditioned_recoverability,0.7850254844740023,0.6582835259289697,observable_blocks_reconstructed_interviewer_score_variation_beyond_binary_label_alignment,0.5,0.05
tfidf,8,R,outer_test,0.6272190647577414,0.10809530452168396,0.20466841431949415,0.2534665398447846,0.7972216575752686,0.0642452868208878,0.17234059134257176,True,label_conditioned_recoverability,0.7850254844740023,0.6582835259289697,observable_blocks_reconstructed_interviewer_score_variation_beyond_binary_label_alignment,0.5,0.05
tfidf,9,D,outer_test,0.10789597111662264,0.02016526156844492,0.33435078828684717,0.40832602986302513,0.384500529662893,0.1667301466637001,0.186895408232145,True,label_conditioned_recoverability,0.7989636695124848,0.647209527506758,observable_blocks_reconstructed_interviewer_score_variation_beyond_binary_label_alignment,0.5,0.05
tfidf,9,P_within,outer_test,0.19942723579666788,0.03727203464682649,0.3212213623890912,0.3868118064192438,0.48560639240890974,0.14962337358531852,0.186895408232145,True,label_conditioned_recoverability,0.7989636695124848,0.647209527506758,observable_blocks_reconstructed_interviewer_score_variation_beyond_binary_label_alignment,0.5,0.05
tfidf,9,P_within+Q+R+D,outer_test,0.647209527506758,0.12096048885510921,0.20837709975201754,0.2567779573425955,0.8245272857199738,0.0659349193770358,0.186895408232145,True,label_conditioned_recoverability,0.7989636695124848,0.647209527506758,observable_blocks_reconstructed_interviewer_score_variation_beyond_binary_label_alignment,0.5,0.05
tfidf,9,Q,outer_test,0.28418286176721386,0.05311247196256266,0.2990020880273338,0.3657634977271274,0.605495493418778,0.13378293626958235,0.186895408232145,True,label_conditioned_recoverability,0.7989636695124848,0.647209527506758,observable_blocks_reconstructed_interviewer_score_variation_beyond_binary_label_alignment,0.5,0.05
tfidf,9,R,outer_test,0.6194111294438832,0.11576509590094856,0.21767675992462476,0.2667026665243459,0.8103568592031283,0.07113031233119645,0.186895408232145,True,label_conditioned_recoverability,0.7989636695124848,0.647209527506758,observable_blocks_reconstructed_interviewer_score_variation_beyond_binary_label_alignment,0.5,0.05
tfidf,10,D,outer_test,0.0425707084186665,0.007770566250961175,0.35104365045995245,0.4180461712092756,0.31409082336245336,0.17476260126273496,0.18253316751369614,True,label_conditioned_recoverability,0.7867843254084658,0.6756636864697771,observable_blocks_reconstructed_interviewer_score_variation_beyond_binary_label_alignment,0.5,0.05
tfidf,10,P_within,outer_test,0.21612202114187573,0.03944943708848858,0.3129201956709126,0.3782641014228122,0.48357785456976354,0.14308373042520756,0.18253316751369614,True,label_conditioned_recoverability,0.7867843254084658,0.6756636864697771,observable_blocks_reconstructed_interviewer_score_variation_beyond_binary_label_alignment,0.5,0.05
tfidf,10,P_within+Q+R+D,outer_test,0.6756636864697771,0.1233310328653093,0.20017673100652353,0.24331488784779864,0.827058766825024,0.05920213464838683,0.18253316751369614,True,label_conditioned_recoverability,0.7867843254084658,0.6756636864697771,observable_blocks_reconstructed_interviewer_score_variation_beyond_binary_label_alignment,0.5,0.05
tfidf,10,Q,outer_test,0.3043549222228664,0.05555486800172443,0.29938476485326604,0.35634014580449913,0.594715742752902,0.1269782995119717,0.18253316751369614,True,label_conditioned_recoverability,0.7867843254084658,0.6756636864697771,observable_blocks_reconstructed_interviewer_score_variation_beyond_binary_label_alignment,0.5,0.05
tfidf,10,R,outer_test,0.6444523401179618,0.11763392695334542,0.20997027433407492,0.2547532935220872,0.8133996659618475,0.06489924056035072,0.18253316751369614,True,label_conditioned_recoverability,0.7867843254084658,0.6756636864697771,observable_blocks_reconstructed_interviewer_score_variation_beyond_binary_label_alignment,0.5,0.05
