relative_path,bytes,sha256
domain_count/input.csv,3629,1fad85d77a8329992553a420898f7b0c3908b90dbd777da4ebd77bc6e869c134
domain_presence/input.csv,3629,189060b7f33c56cfb3acbfaad9fb12a28415b837ab46b01d93ae4f0e3703da0b
keyword_masked/input.csv,143424,0ef1c48e389f372b1b8b0d162bbaf4707ad5476bb282441e634002c3797acc55
keyword_masked/mask_audit.csv,1985,e8cfc67f2b762d4d5575f7722f908708b5fd1c2c86fe5b03b18d1c9add9c5086
metrics/c5_control_metrics.csv,2161,a72d5b88b1377fce94c4ec7539935b063a54caa80be0de5c4b0bea548b633214
nonsymptom_same_word/input.csv,140531,6b6bacdee7160debc7beb0b4e7910777bb0b83904637a7cd20041bd3ce62455e
nonsymptom_same_word/quote_exclusion_audit.csv,6368,d41e1ffa28720ba6005d443262c4cec0a88e783de5439171b2cd7be9feee106b
oof_probs/c5_reviewed_evidence_fold_oof.csv,268974,d91b3d8a92c20fa2b62425b2802f1f94b9dbc7a58782f3b8a2f48650cb88ae29
oof_probs/c5_reviewed_evidence_participant_oof.csv,3928,af9869fb7216c66b1ab05f64bea844c7dccf21c30592dd201dae25b033b04385
oof_probs/domain_count_fold_oof.csv,257799,d986e7b46c58cb9a2f6d50a5ec32b573d566a77ea10a2e17c122d8f670a79f27
oof_probs/domain_count_participant_oof.csv,3941,9cc080d794659047de8173e7ba3ccede472bf83b9691708a40d1daa3f09e2f39
oof_probs/domain_presence_fold_oof.csv,262109,f2df9927dd6af1889ed2e84819e0d5de8fb2081b0de3c4be1dfce558d953c60b
oof_probs/domain_presence_participant_oof.csv,3944,126b9a678312d7519d52f8394a719ea1393792330beede9398623b4b8d3306c4
oof_probs/keyword_masked_fold_oof.csv,260471,a9b0252a1789bd3eb9ea0a1c116b4d6ed839174033ad926081612338570c2dbe
oof_probs/keyword_masked_participant_oof.csv,3928,b5da3ee1f70ce243b2a1be2dd0639b2f6f742f01e3a91130ce1c3d4e35d7f320
oof_probs/nonsymptom_same_word_fold_oof.csv,268996,5734860eb786ff9fc64d34784332615e716242fe7801262772634edcd16db191
oof_probs/nonsymptom_same_word_participant_oof.csv,3929,75518c72347d72a787224993929d5b3229a3e8a38e7b732aa973520e10ff355c
paired_tests/c5_control_family_fdr.csv,4202,05c225f52c0916cc63aa426c2dbfd616446b02ed104cc81617c639a7fc336141
random_same_word/c5_random_same_word_seed_01/fold_oof.csv,278926,f03c2aaec98411a0b77c7cbd3571da9df0b37f8c7dd4521a3a9181ca28c6bb7a
random_same_word/c5_random_same_word_seed_01/input.csv,140696,255a76b0997bd3f9269e9a9b13660bd45c5066cbab011d7690162e08c79b7703
random_same_word/c5_random_same_word_seed_01/participant_oof.csv,3928,52ab5ae86c34a7b262fd5119d565b2875d84f58d24f4ea37f764b895e70d7979
random_same_word/c5_random_same_word_seed_02/fold_oof.csv,278934,2a7d6e07d36218688007bed639d1e84db47a485e464b12dc4fb87040da160935
random_same_word/c5_random_same_word_seed_02/input.csv,141267,59e994e484baace8c2c1c7f055c408c14dae5b26866c0280974ce4923a668e52
random_same_word/c5_random_same_word_seed_02/participant_oof.csv,3928,a05b574272228e22caf23252292341d333ee55af63de337558a29f3ac8cde61c
random_same_word/c5_random_same_word_seed_03/fold_oof.csv,278963,007d6a312a09a0094bbe7442302501838bd97a1a9c61b762fef8d5d82c9e0357
random_same_word/c5_random_same_word_seed_03/input.csv,141036,ec38f6b5e3219215c079d09bb0c9a5920601e85a82d15bc867dd30f9ff903e22
random_same_word/c5_random_same_word_seed_03/participant_oof.csv,3935,295b21d9d5b2b05323c0474f248a7d4aa8dafc335cc8c0350d3e05c85c55cea3
random_same_word/c5_random_same_word_seed_04/fold_oof.csv,278928,1873d921b9ea5addb560ab81adb67ccf588102bde03ff30cc0e286cf33f664b4
random_same_word/c5_random_same_word_seed_04/input.csv,140934,f01009f3214478c160418987aedb5d70e37bab647552bec6e908d328a58b5d5a
random_same_word/c5_random_same_word_seed_04/participant_oof.csv,3928,86dff269e74b1cd96f0459b17e1b7707540a5d3bec0645d91eb8b8976cc90be0
random_same_word/c5_random_same_word_seed_05/fold_oof.csv,278888,e706a5a253629aa47ddcc820d98e0a8996b14a7b75328eef888600975f5b8847
random_same_word/c5_random_same_word_seed_05/input.csv,141025,9b1ccf919614b64a66ae52ea4710bbedc32fc009a472d3a255515db20b095023
random_same_word/c5_random_same_word_seed_05/participant_oof.csv,3925,ce013eecd16f1c4753275a45d203a85b720ff7006c30efff0d42e347fcdc146a
random_same_word/c5_random_same_word_seed_06/fold_oof.csv,278941,ecb484bcdcabd680277bc57fc43deb7aa094ced16bf064685323e206301d8379
random_same_word/c5_random_same_word_seed_06/input.csv,141281,b29ce6cd80657301e176148e5f566d9f16e7214bc9c03bc9204f71686c41142a
random_same_word/c5_random_same_word_seed_06/participant_oof.csv,3931,6792844f16bfcfe9f53926fa7154dfe3c721e679bd9e5db978a91f6643e7f76a
random_same_word/c5_random_same_word_seed_07/fold_oof.csv,278986,06c11a61a698b740e56033d103637c70ad269e96abddebe9853d5a6c428cb5a7
random_same_word/c5_random_same_word_seed_07/input.csv,141004,5bfce3d4497e33aae84bca0e122f95cac8b26290d833ed053bb49ced2c52a555
random_same_word/c5_random_same_word_seed_07/participant_oof.csv,3917,6ad3fc6a5844a126e5175a941326acf299f37e0bc5e0675e73b027f18ab93253
random_same_word/c5_random_same_word_seed_08/fold_oof.csv,278899,f4317759a631aa531a0dba422df0f967f2e5d4a863cfe0d4a8a86faf7290621e
random_same_word/c5_random_same_word_seed_08/input.csv,140980,f9a1b9c333c6e14425813ab940d4ba9eaed8be777c4a6f7f52a85552047b6f84
random_same_word/c5_random_same_word_seed_08/participant_oof.csv,3932,29f7ca9d2ef56917765827e19511b52f9a7246a2f4769a1da14e2ecfe96e3177
random_same_word/c5_random_same_word_seed_09/fold_oof.csv,278939,90592ac0a99c2e1b77549fc5699fe8d68339f162f63cb282d549313accf9a68e
random_same_word/c5_random_same_word_seed_09/input.csv,141232,5ca75565e0d7d7f4400d1b9472e6946048706932b5c3d271e1b0e8304a91998f
random_same_word/c5_random_same_word_seed_09/participant_oof.csv,3932,9e80a01298339ff2a836532d7d47117249c78f886d1188b79a3867b2fa1b41a7
random_same_word/c5_random_same_word_seed_10/fold_oof.csv,278930,9a6d729d4e9c70db1f602f248a1d9d644d889b0cd2a0e6459fc5c5b0247e2afb
random_same_word/c5_random_same_word_seed_10/input.csv,140864,70e49ee96bc832d346c4a5280a88e23a8787e0568ad191f18564864b133c2a95
random_same_word/c5_random_same_word_seed_10/participant_oof.csv,3923,d39979c9f630a0fe50794ffd7f4b176527b5dfefe52cef599a7063d2ebc32a94
random_same_word/random_ensemble_participant_oof.csv,3930,0c66b28191ec7e35e60c180ae3b395043ba4c3aafa780fc905c6ef56660fe582
random_same_word/random_seed_metric_distribution.csv,510,87fabc068ac8e0cdcb9d0064aed1262f6b15fa35fdb7a1f77e30e3180a55fe39
random_same_word/sampling_audit.csv,47349,4f18ded5d3ba2716727d92474125d75f658dc5ab987b936c1e8ba302e513e12c
