,C2 Patient Speech,C5 Symptom Evidence,Domain Count,Domain Presence,Template Presence,Template Only,C3 Interviewer,C4 Non-explicit,C1 Full Transcript
C2 Patient Speech,1.0,0.59198308434149,0.4873205907068658,0.4929367905094606,0.4417287836526674,0.5727245484512491,0.5730556527679692,0.5078951614762223,0.6794533006699623
C5 Symptom Evidence,0.59198308434149,1.0,0.5877332137446012,0.6122600803451868,0.488100152769017,0.48465499139757456,0.4625883556060362,0.3525401778323564,0.4178180225528143
Domain Count,0.4873205907068658,0.5877332137446012,1.0,0.8591926503224075,0.39039084978551564,0.4398134080483496,0.44457041310502504,0.35105649519793963,0.3896615820499548
Domain Presence,0.4929367905094606,0.6122600803451868,0.8591926503224075,1.0,0.44350165866497904,0.4995630680377459,0.5069563340465348,0.40513966105815075,0.4398972319260003
Template Presence,0.4417287836526674,0.488100152769017,0.39039084978551564,0.44350165866497904,1.0,0.7991412243734689,0.6147496495114115,0.493049952744289,0.522593678422267
Template Only,0.5727245484512491,0.48465499139757456,0.4398134080483496,0.4995630680377459,0.7991412243734689,1.0,0.8538321133466473,0.7266251878178759,0.797209083993621
C3 Interviewer,0.5730556527679692,0.4625883556060362,0.44457041310502504,0.5069563340465348,0.6147496495114115,0.8538321133466473,1.0,0.948511183153077,0.8953668447225535
C4 Non-explicit,0.5078951614762223,0.3525401778323564,0.35105649519793963,0.40513966105815075,0.493049952744289,0.7266251878178759,0.948511183153077,1.0,0.9046293832029523
C1 Full Transcript,0.6794533006699623,0.4178180225528143,0.3896615820499548,0.4398972319260003,0.522593678422267,0.797209083993621,0.8953668447225535,0.9046293832029523,1.0
